INSERT INTO national_cuisine (natcuis_name) VALUES ('Afghan cuisine'),
 ('Albanian cuisine'),
('Algerian cuisine'),
 ('American cuisine'),
('Argentine cuisine'),
 ('Armenian cuisine'),
('Australian cuisine'),
 ('Austrian cuisine'),
('Azerbaijani cuisine'),
 ('Bahraini cuisine'),
('Bangladeshi cuisine'),
('Belgian cuisine'),
('Belarusian cuisine'),
('Bermudian cuisine'),
 ('Bolivian cuisine'),
('Bosnia and Herzegovina cuisine'),
 ('Brazilian cuisine'),
('British cuisine'),
 ('Bulgarian cuisine'),
('Burkinabe cuisine'),
 ('Burmese cuisine'),
('Burundian cuisine'),
('Cambodian cuisine'),
('Cameroonian cuisine'),
 ('Canadian cuisine'),
('Cape Verdean cuisine'),
 ('Central African Republic cuisine'),
('Chilean cuisine'),
 ('Chinese cuisine'),
('Colombian  cuisine'),
 ('Costa Rican cuisine'),
('Croatian cuisine'),
('Cuban cuisine'),
('Czech cuisine'),
('Namibian cuisine'),
 ('Nepalese cuisine'),
('New Zealand cuisine'),
 ('Nigerian cuisine'),
('North Korean cuisine'),
 ('Norwegian cuisine'),
('Omani cuisine'),
 ('Pakistani cuisine'),
('Palestinian cuisine'),
('Panamanian cuisine'),
('Paraguayan cuisine'),
 ('Peruvian cuisine'),
('Polish cuisine'),
 ('Portuguese cuisine'),
('Puerto Rican cuisine'),
 ('Qatari cuisine'),
 ('Danish cuisine'),
('Djiboutian cuisine'),
('Dutch cuisine') ,
('Ecuadorian cuisine'),
('Egyptian cuisine'),
('Estonian cuisine'),
('Ethiopian cuisine'),
('Filipino cuisine'),
('French cuisine'),
('Georgian cuisine'),
('German cuisine'),
('Greek cuisine'),
('Hungarian cuisine'),
('Indian cuisine'),
('Indonesian cuisine') ,
('Iranian cuisine'),
('Italian cuisine'),
('Jamaican cuisine'),
('Japanese cuisine'),
('Korean cuisine'),
('Lebanese cuisine'),
('Lithuanian cuisine'),
('Malaysian cuisine'),
('Mexican cuisine'),
('Romanian cuisine'),
('Russain cuisine'),
('Rwandan cuisine'),
('Saudi Arabian cuisine'),
('Serbian cuisine'),
('Singaporean cuisine'),
('Slovak cuisine'),
('Spanish cuisine')
;
INSERT INTO cook (first_name, last_name, birth_date, years_of_experience, phone_number, position_level)
VALUES 
('Gordon', 'Ramsey', '1966-11-08', 30, '1234567890', 'chef'),
('Jamie', 'Oliver', '1975-05-27', 25, '9876543210', 'chef'),
('Bobby', 'Flay', '1964-12-10', 35, '5551234567', 'chef'),
('Nigella', 'Lawson', '1960-01-06', 40, '1112223333', 'chef'),
('Anthony', 'Bourdain', '1956-06-25', 45, '4445556666', 'chef'),
('Julia', 'Child', '1912-08-15', 50, '7778889999', 'chef'),
('Alain', 'Ducasse', '1956-09-13', 40, '2223334444', 'chef'),
('Marco', 'Pierre White', '1961-12-11', 35, '9998887777', 'chef'),
('Thomas', 'Keller', '1955-10-14', 45, '6667778888', 'chef'),
('Massimo', 'Bottura', '1962-09-30', 30, '3334445555', 'chef'),
('Wolfgang', 'Puck', '1949-07-08', 50, '8889990000', 'chef'),
('Gino', 'D Acampo', '1976-07-17', 20, '0009998887', 'cook A'),
('Curtis', 'Stone', '1975-11-04', 15, '9876543210', 'cook B'),
('Giada', 'De Laurentiis', '1970-08-22', 20, '5551234567', 'cook C'),
('Emeril', 'Lagasse', '1959-10-15', 30, '1112223333', 'cook A'),
('Rick', 'Bayless', '1953-11-23', 40, '4445556666', 'cook B'),
('Guy', 'Fieri', '1968-01-22', 25, '7778889999', 'cook C'),
('Bourdain', 'Ramsay', '1970-05-25', 15, '2223334444', 'cook A'),
('Heston', 'Blumenthal', '1966-05-27', 25, '9998887777', 'cook B'),
('José', 'Andrés', '1969-07-13', 20, '6667778888', 'cook C'),
('Yotam', 'Ottolenghi', '1968-12-14', 25, '3334445555', 'cook A'),
('Laura', 'Gomez', '1990-03-15', 5, '1234567890', 'chef assistant'),
('Daniel', 'Smith', '1988-06-20', 8, '9876543210', 'chef assistant'),
('Rachel', 'Johnson', '1992-11-10', 3, '5551234567', 'chef assistant'),
('Christopher', 'Martinez', '1985-01-06', 10, '1112223333', 'chef assistant'),
('Maria', 'Lee', '1991-04-25', 4, '4445556666', 'chef assistant'),
('Alexander', 'Brown', '1989-09-15', 6, '7778889999', 'chef assistant'),
('Emma', 'Davis', '1987-07-20', 7, '2223334444', 'chef assistant'),
('Ryan', 'Chen', '1993-05-18', 2, '9998887777', 'chef assistant'),
('Sara', 'Lee', '1980-09-12', 10, '1234567890', 'cook B'),
('Peter', 'Pan', '1982-07-08', 8, '9876543210', 'cook B'),
('Emily', 'Ross', '1975-03-21', 12, '5551234567', 'cook B'),
('Paula', 'Deen', '1947-01-19', 40, '1234567890', 'cook A'),
('Rachael', 'Ray', '1968-08-25', 25, '9876543210', 'cook C'),
('Thomas', 'Keller', '1955-10-14', 45, '5551234567', 'cook C'),
('Alice', 'Waters', '1944-04-28', 50, '1112223333', 'chef'),
('Masaharu', 'Morimoto', '1955-05-26', 35, '4445556666', 'chef'),
('David', 'Cook', '1987-11-30', 6, '1112223333', 'cook B'),
('Michelle', 'Nguyen', '1984-05-17', 9, '4445556666', 'cook B'),
('James', 'Wong', '1981-12-25', 11, '7778889999', 'cook B'),
('Amanda', 'Scott', '1978-08-18', 10, '2223334444', 'cook B'),
('Kevin', 'Ng', '1985-02-14', 7, '9998887777', 'cook B'),
('Amit', 'Patel', '1988-03-15', 8, '1234567890', 'cook B'),
('Priya', 'Sharma', '1990-06-20', 5, '9876543210', 'cook B'),
('Raj', 'Kumar', '1992-11-10', 3, '5551234567', 'chef assistant'),
('Anjali', 'Mehta', '1985-01-06', 10, '1112223333', 'chef'),
('Rahul', 'Singh', '1991-04-25', 4, '4445556666', 'chef assistant'),
('Sneha', 'Gupta', '1989-09-15', 6, '7778889999', 'chef assistant'),
('Vikram', 'Shah', '1987-07-20', 7, '2223334444', 'chef'),
('Neha', 'Verma', '1993-05-18', 2, '9998887777', 'chef assistant'),
('Gabriel', 'Silva', '1987-10-25', 12, '1234567891', 'cook B'),
('Luana', 'Costa', '1995-03-12', 3, '9876543211', 'chef assistant'),
('Pedro', 'Santos', '1990-08-30', 8, '5551234568', 'chef'),
('Mariana', 'Oliveira', '1988-05-20', 6, '1112223334', 'chef assistant'),
('Lucas', 'Rodrigues', '1992-01-15', 5, '4445556667', 'chef'),
('Juliana', 'Almeida', '1986-11-07', 9, '7778889991', 'chef assistant'),
('Bruno', 'Ferreira', '1994-07-18', 4, '2223334445', 'cook A'),
('Carolina', 'Nunes', '1991-09-22', 7, '9998887778', 'chef assistant'),
('Juan', 'Santos', '1985-06-12', 10, '1234567892', 'chef assistant'),
('Maria', 'Garcia', '1990-09-18', 7, '9876543212', 'cook B'),
('Jose', 'Reyes', '1988-04-30', 9, '5551234569', 'chef assistant'),
('Ana', 'Torres', '1993-01-25', 6, '1112223335', 'cook C'),
('Chinedu', 'Okoye', '1986-05-12', 9, '1234567893', 'chef assistant'),
('Ngozi', 'Eze', '1991-08-18', 6, '9876543213', 'chef'),
('Obinna', 'Onuoha', '1989-03-30', 8, '5551234570', 'chef assistant'),
('Chiamaka', 'Nwosu', '1994-02-25', 5, '1112223336', 'cook A'),
('Oluwaseun', 'Adeleke', '1992-07-15', 7, '4445556669', 'chef assistant'),
('Adeola', 'Olawale', '1988-01-07', 10, '7778889993', 'cook B'),
('Maria', 'Georgiou', '1991-04-18', 6, '9876543215', 'cook C'),
('Yannis', 'Andreadis', '1989-12-30', 8, '5551234572', 'chef assistant'),
('Petros','Kokkinos','2002-06-21', 4, '9998887782', 'cook A') ,
('Alexander','Koulakov','2002-05-23', 3, '9998387582', 'cook B') ;

INSERT INTO equipment (equipment_name, instructions)
VALUES 
    ('Chef Knife', 'Use for chopping vegetables and meat. Keep it sharp and handle with care.'),
    ('Cutting Board', 'Place it on a flat surface to chop vegetables or meat. Wash it thoroughly after each use.'),
    ('Mixing Bowl', 'Use for mixing ingredients like flour, eggs, and sugar. Comes in various sizes.'),
    ('Saucepan', 'Use for cooking sauces, soups, and boiling water. Comes with a lid.'),
    ('Frying Pan', 'Use for frying and sautéing food. Ensure it is properly heated before adding ingredients.'),
    ('Oven', 'Use for baking and roasting. Preheat to the desired temperature before placing food inside.'),
    ('Blender', 'Use for blending ingredients to make smoothies, soups, and sauces. Make sure to secure the lid properly.'),
    ('Food Processor', 'Use for chopping, slicing, and shredding vegetables and fruits. Comes with various attachments.'),
    ('Measuring Cups and Spoons', 'Use for precise measurement of ingredients like flour, sugar, and spices.'),
    ('Mixing Spoon', 'Use for stirring and mixing ingredients in pots and bowls.'),
    ('Whisk', 'Use for whisking eggs, whipping cream, and mixing ingredients to incorporate air.'),
    ('Spatula', 'Use for flipping pancakes, burgers, and eggs. Also useful for scraping bowls and pans.'),
    ('Tongs', 'Use for flipping meats and vegetables on the grill or in the pan. Also handy for serving.'),
    ('Colander', 'Use for draining pasta and rinsing fruits and vegetables. Make sure it has sturdy handles.'),
    ('Grater', 'Use for grating cheese, vegetables, and spices. Be careful of your fingers when using.'),
    ('Peeler', 'Use for peeling fruits and vegetables like potatoes and carrots. Keep fingers away from blade.'),
    ('Rolling Pin', 'Use for rolling out dough for pies, cookies, and pastries. Keep it clean and dry after use.'),
    ('Mixer', 'Use for beating, creaming, and whipping ingredients. Ensure attachments are securely in place.'),
    ('Strainer', 'Use for straining liquids and removing solids from soups and sauces. Choose a fine mesh strainer for best results.'),
    ('Pastry Brush', 'Use for brushing egg wash, butter, or glaze onto pastries and meats. Clean thoroughly after each use.'),
    ('Scale', 'Use for measuring ingredients by weight for precise baking and cooking. Calibrate regularly for accuracy.'),
    ('Mortar and Pestle', 'Use for grinding spices, herbs, and seeds. Clean thoroughly after each use.'),
    ('Baking Sheet', 'Use for baking cookies, pastries, and roasting vegetables. Line with parchment paper for easy cleanup.'),
    ('Cake Pan', 'Use for baking cakes and brownies. Grease and flour the pan before adding batter.'),
    ('Pie Dish', 'Use for baking pies and quiches. Ensure the dough is evenly distributed and trim excess.'),
    ('Cooling Rack', 'Place baked goods on it to cool evenly and prevent them from getting soggy. Clean and dry after each use.'),
    ('Muffin Tin', 'Use for baking muffins, cupcakes, and mini quiches. Grease or line with paper liners before use.'),
    ('Sieve', 'Use for sifting flour, cocoa powder, and powdered sugar. Shake gently to sift ingredients evenly.'),
    ('Basting Brush', 'Use for applying marinades and sauces to meats and vegetables while cooking. Clean thoroughly after use.'),
    ('Juicer', 'Use for extracting juice from fruits and vegetables. Clean the juicer components immediately after use to prevent staining.'),
    ('Salad Spinner', 'Use for washing and drying salad greens and herbs. Spin the basket to remove excess water.'),
    ('Kitchen Timer', 'Use for timing cooking and baking processes. Set the timer to the desired duration and place it where you can easily see it.'),
    ('Pizza Stone', 'Use for baking homemade pizzas. Preheat the stone in the oven before placing the pizza on it.'),
    ('Immersion Blender', 'Use for blending soups, sauces, and smoothies directly in the pot or container. Ensure the blender is submerged.'),
    ('Kitchen Shears', 'Use for cutting herbs, trimming meat, and opening food packaging. Clean and dry thoroughly after each use.'),
    ('Microplane Zester', 'Use for grating citrus zest, garlic, ginger, and hard cheeses. Hold the zester at a slight angle for best results.'),
    ('Electric Kettle', 'Use for quickly boiling water for tea, coffee, and cooking. Fill with the desired amount of water and plug it in.'),
    ('Kitchen Scale', 'Use for accurately measuring ingredients by weight. Place the ingredients on the scale and read the weight.'),
    ('Pastry Blender', 'Use for cutting butter or shortening into flour for pie crusts and biscuits. Move the blender in a chopping motion.'),
    ('Meat Thermometer', 'Use for checking the internal temperature of meats to ensure they are cooked to the desired level of doneness.'),
    ('Ice Cream Scoop', 'Use for scooping ice cream, sorbet, and other frozen desserts. Dip the scoop in warm water to ease scooping.'),
    ('Kitchen Torch', 'Use for caramelizing sugar, toasting meringue, and browning dishes. Hold the torch about 6 inches away from the food.'),
    ('Wok', 'Use for stir-frying, deep-frying, and steaming. Preheat the wok over high heat before adding ingredients.');
 
INSERT INTO thematic_section (name, description)
VALUES 
('Village Recipes', 'Traditional recipes from the countryside, passed down through generations.'),
('Risotto Recipes', 'Delicious recipes for creamy and flavorful risottos, perfect for any occasion.'),
('Easter Desserts', 'Sweets and treats specially made for Easter celebrations.'),
('Mediterranean Dishes', 'Authentic dishes inspired by the flavors of the Mediterranean region.'),
('Comfort Food Classics', 'Classic comfort food recipes that warm the soul and satisfy the palate.'),
('Summer Grilling', 'Recipes perfect for outdoor grilling during the summer months.'),
('Vegetarian Delights', 'Delicious and nutritious vegetarian recipes for every meal.'),
('Seafood Extravaganza', 'Fresh and flavorful seafood recipes that are sure to impress.'),
('Quick and Easy Meals', 'Simple and speedy recipes for busy weeknights.'),
('International Cuisine', 'Explore the flavors of the world with these diverse recipes.'),
('Healthy Living', 'Nutritious recipes to support a healthy and balanced lifestyle.'),
('Slow Cooker Wonders', 'Hearty and flavorful recipes cooked low and slow in the crockpot.'),
('Family Favorites', 'Recipes that bring comfort and joy to the whole family.'),
('Holiday Feasts', 'Special recipes to celebrate festive occasions and gatherings.'),
('Plant-Based Power', 'Wholesome and delicious recipes focused on plant-based ingredients.'),
('Weekend Brunch', 'Elevate your brunch game with these mouthwatering recipes.'),
('Budget-Friendly Eats', 'Tasty meals that will not break the bank.'),
('One-PoWonders', 'Simplify mealtime with these easy and delicious one-pot recipes.'),
('Healthy Breakfasts', 'Start your day right with nutritious and energizing breakfast recipes.'),
('Gourmet Desserts', 'Indulgent and decadent desserts for special occasions or a sweet treat.'),
('Homemade Breads', 'Master the art of bread-making with these homemade bread recipes.'),
('Global Street Food', 'Explore the vibrant and diverse world of street food from around the globe.'),
('Seasonal Harvest', 'Celebrate the flavors of each season with recipes featuring fresh, seasonal produce.'),
('Culinary Adventures', 'Embark on culinary journeys with these adventurous and exotic recipes.'),
('Classic Cocktails', 'Mix up classic cocktails and elevate your home bartending skills.');


INSERT INTO recipe (recipe_name, recipe_category, natcuis_id, recipe_description, quantity_of_servings, difficulty_level, prep_time, cooking_time, tip_1, tip_2, tip_3) VALUES 
('Grilled Salmon', 'main course', 1, 'Delicious grilled salmon seasoned with herbs', 4, 3, 20, 15, 'Make sure to preheat the grill before cooking.', 'Marinate the salmon for at least 30 minutes before grilling.', NULL),
('Chocolate Cake', 'dessert', 2, 'Decadent chocolate cake topped with chocolate ganache', 8, 4, 30, 40, 'Use high-quality cocoa powder for a richer flavor.', 'Allow the cake to cool completely before adding the ganache.', 'Garnish with fresh berries before serving.'),
('Chicken Alfredo Pasta', 'main course', 3, 'Creamy chicken Alfredo pasta with Parmesan cheese', 6, 3, 25, 20, 'Use fresh Parmesan cheese for best flavor.', 'Cook the pasta al dente for optimal texture.', 'Garnish with chopped parsley before serving.'),
('Apple Pie', 'dessert', 4, 'Classic homemade apple pie with cinnamon-spiced apples', 8, 4, 40, 50, 'Make sure to use a mix of sweet and tart apples for the filling.', 'Brush the top crust with egg wash for a golden finish.', 'Serve warm with vanilla ice cream.'),
('Vegetable Stir-Fry', 'main course', 5, 'Healthy vegetable stir-fry with tofu in a savory sauce', 4, 2, 15, 15, 'Cut vegetables uniformly for even cooking.', 'Add tofu towards the end to prevent overcooking.', 'Serve hot over steamed rice.'),
('Vanilla Cupcakes', 'dessert', 6, 'Soft and fluffy vanilla cupcakes with buttercream frosting', 12, 3, 30, 20, 'Make sure all ingredients are at room temperature for best results.', 'Use a piping bag to frost the cupcakes for a professional look.', 'Decorate with sprinkles or edible flowers.'),
('Spaghetti Bolognese', 'main course', 7, 'Classic Italian spaghetti with rich Bolognese sauce', 6, 3, 20, 30, 'Cook pasta until al dente for the perfect texture.', 'Simmer the sauce on low heat for at least 1 hour to develop flavors.', 'Serve with freshly grated Parmesan cheese.'),
('New York Cheesecake', 'dessert', 8, 'Creamy and decadent New York-style cheesecake with graham cracker crust', 10, 5, 45, 50, 'Ensure all ingredients are at room temperature for a smooth batter.', 'Bake the cheesecake in a water bath to prevent cracking.', 'Chill the cheesecake for at least 4 hours before serving.'),
('Beef Tacos', 'main course', 9, 'Tender beef tacos with homemade salsa and guacamole', 4, 2, 25, 20, 'Season the beef with Mexican spices for authentic flavor.', 'Warm the tortillas before assembling the tacos for better texture.', 'Top with fresh cilantro and a squeeze of lime juice.'),
('Tiramisu', 'dessert', 10, 'Classic Italian dessert made with layers of coffee-soaked ladyfingers and mascarpone cream', 8, 4, 30, 0, 'Use espresso or strong coffee for dipping the ladyfingers.', 'Dust the top with cocoa powder just before serving.', 'Chill the tiramisu for at least 4 hours to set.'),
('Chicken Curry', 'main course', 11, 'Flavorful chicken curry with aromatic spices and coconut milk', 6, 3, 25, 30, 'Toast whole spices before grinding for enhanced flavor.', 'Simmer the curry on low heat to allow flavors to develop.', 'Garnish with fresh cilantro and a squeeze of lime juice.'),
('Lemon Bars', 'dessert', 12, 'Tangy and sweet lemon bars with buttery shortbread crust', 12, 2, 20, 35, 'Zest the lemons before juicing for maximum flavor.', 'Chill the bars before cutting into squares for cleaner edges.', 'Dust with powdered sugar just before serving.'),
('Mushroom Risotto', 'main course', 13, 'Creamy mushroom risotto cooked with Arborio rice and Parmesan cheese', 4, 4, 30, 25, 'Use a combination of mushrooms for depth of flavor.', 'Add hot broth gradually and stir frequently for creamy texture.', 'Finish with a drizzle of truffle oil for a luxurious touch.'),
('Chocolate Chip Cookies', 'dessert', 14, 'Classic chocolate chip cookies with chewy centers and crispy edges', 24, 2, 15, 12, 'Chill the cookie dough for at least 30 minutes before baking for thicker cookies.', 'Use high-quality chocolate chips for the best flavor.', 'Bake until the edges are golden brown for the perfect texture.'),
('Grilled Chicken Caesar Salad', 'main course', 15, 'Grilled chicken served on a bed of crisp romaine lettuce with Caesar dressing', 4, 2, 20, 15, 'Marinate the chicken in Caesar dressing for extra flavor.', 'Grill the chicken until charred and cooked through.', 'Toss the lettuce with dressing just before serving to prevent wilting.'),
('Panna Cotta', 'dessert', 16, 'Creamy Italian dessert made with sweetened cream and gelatin', 6, 3, 20, 10, 'Use vanilla bean for a more intense flavor or vanilla extract as a substitute.', 'Bloom gelatin in cold water before adding to the warm cream mixture.', 'Serve with fresh berries or a fruit compote on top.');

INSERT INTO episode (episode_name, episode_date, season)
VALUES 
('Season Premiere', '2024-01-10', 1),
('The Great Bake-Off', '2024-01-17', 1),
('International Flavors', '2024-01-24', 1),
('Family Favorites', '2024-01-31', 1),
('Pressure Cooker Challenge', '2024-02-07', 1),
('Sweet Treats', '2024-02-14', 1),
('Restaurant Wars', '2024-02-21', 1),
('Ultimate BBQ', '2024-02-28', 1),
('Mystery Box Madness', '2024-03-06', 1),
('Grand Finale', '2024-03-13', 1);

INSERT INTO episode (episode_name, episode_date, season)
VALUES 
('Season Premiere: New Challenges', '2025-01-10', 2),
('Around the World in 80 Dishes', '2025-01-17', 2),
('Comfort Food Classics', '2025-01-24', 2),
('Healthy Eating Habits', '2025-01-31', 2),
('Dessert Extravaganza', '2025-02-07', 2),
('Gourmet Grilling', '2025-02-14', 2),
('Baking Bonanza', '2025-02-21', 2),
('Culinary Showdown', '2025-02-28', 2),
('Mystery Box Mayhem', '2025-03-06', 2),
('Season Finale: The Ultimate Cook-Off', '2025-03-13', 2);

INSERT INTO episode (episode_name, episode_date, season)
VALUES 
('Season Premiere: New Beginnings', '2026-01-10', 3),
('Spicy Sensations', '2026-01-17', 3),
('Vegetarian Delights', '2026-01-24', 3),
('Seafood Spectacular', '2026-01-31', 3),
('Global Fusion', '2026-02-07', 3),
('Burger Battle', '2026-02-14', 3),
('Pasta Party', '2026-02-21', 3),
('Tropical Temptations', '2026-02-28', 3),
('Sizzling Steaks', '2026-03-06', 3),
('Season Finale: The Ultimate Showdown', '2026-03-13', 3);



---------------------------------------------------NEW DATA: ------------------------------------------------------------
INSERT INTO judge (cook_id, partitipation_number, episode_id)
VALUES 
-- Episode 1 judges
(12, 3, 1),  -- Gino D'Acampo
(23, 1, 1),  -- Curtis Stone
(41, 1, 1),  -- Giada De Laurentiis
-- Episode 2 judges
(15, 1, 2),  -- Emeril Lagasse
(21, 1, 2),  -- Rick Bayless
(12, 3, 2),  -- Gino D'Acampo
-- Episode 3 judges
(18, 1, 3),  -- Bourdain Ramsay
(29, 2, 3),  -- Ryan Chen
(20, 1, 3),  -- José Andrés
-- Episode 4 judges
(21, 2, 4),  -- Yotam Ottolenghi
(22, 1, 4),  -- Laura Gomez
(23, 1, 4),  -- Daniel Smith
-- Episode 5 judges
(24, 1, 5),  -- Rachel Johnson
(21, 2, 5),  -- Yotam Ottolenghi
(26, 1, 5),  -- Maria Lee
-- Episode 6 judges
(41, 1, 6),  -- Alexander Brown
(28, 1, 6),  -- Emma Davis
(29, 2, 6),  -- Ryan Chen
-- Episode 7 judges
(30, 1, 7),  -- Sara Lee
(31, 1, 7),  -- Peter Pan
(32, 2, 7),  -- Emily Ross
-- Episode 8 judges
(32, 2, 8),  -- Emily Ross
(21, 1, 8),  -- Rachael Ray
(35, 1, 8),  -- Thomas Keller
-- Episode 9 judges
(36, 1, 9),  -- Alice Waters
(41, 2, 9),  -- Amanda Scott
(38, 1, 9),  -- David Cook
-- Episode 10 judges
(39, 1, 10),  -- Michelle Nguyen
(12, 3, 10),  -- Gino D'Acampo
(41, 2, 10);  -- Amanda Scott

INSERT INTO judge (cook_id, partitipation_number, episode_id)
VALUES
-- Episode 11 judges
(71, 1, 11),  
(70, 1, 11),  
(69, 1, 11),  
-- Episode 12 judges
(70, 1, 12),  
(14, 1, 12),  
(71, 1, 12),  
-- Episode 13 judges
(69, 1, 13),  
(14, 2, 13),  
(67, 1, 13),  
-- Episode 14 judges
(70, 2, 14),  
(28, 1, 14),  
(68, 2, 14),  
-- Episode 15 judges
(13, 1, 15),  
(62, 2, 15),  
(61, 1, 15),  
-- Episode 16 judges
(12, 1, 16),  
(59, 1, 16),  -- Emma Davis
(58, 2, 16),  -- Ryan Chen
-- Episode 17 judges
(61, 2, 17),  
(58, 2, 17),  
(55, 1, 17),  
-- Episode 18 judges
(53, 1, 18),  
(71, 1, 18),  
(51, 1, 18),  
-- Episode 19 judges
(27, 1, 19),  
(41, 2, 19),  
(70, 1, 19),  
-- Episode 20 judges
(39, 1, 20),  
(61, 1, 20),  
(71, 1, 20);  

---------------------------------------------------------------------------------------------------------------
INSERT INTO evaluation(cook_id, judge_id, episode_id, grade) VALUES
-- Evaluations for Episode 1
(12, 1, 1, 4),  -- Gino DAcampo
(13, 2, 1, 3),  -- Curtis Stone
(14, 3, 1, 5),  -- Giada De Laurentiis
-- Evaluations for Episode 2
(15, 4, 2, 3),  -- Emeril Lagasse
(16, 5, 2, 4),  -- Rick Bayless
(17, 6, 2, 5),  -- Guy Fieri
-- Evaluations for Episode 3
(18, 7, 3, 5),  -- Bourdain Ramsay
(19, 8, 3, 4),  -- Heston Blumenthal
(20, 9, 3, 3),  -- Jose Andres
-- Evaluations for Episode 4
(21, 10, 4, 4),  -- Yotam Ottolenghi
(22, 11, 4, 5),  -- Laura Gomez
(23, 12, 4, 3),  -- Daniel Smith
-- Evaluations for Episode 5
(24, 13, 5, 5),  -- Rachel Johnson
(25, 14, 5, 4),  -- Christopher Martinez
(26, 15, 5, 3),  -- Maria Lee
-- Evaluations for Episode 6
(27, 16, 6, 3),  -- Alexander Brown
(28, 17, 6, 4),  -- Emma Davis
(29, 18, 6, 5),  -- Ryan Chen
-- Evaluations for Episode 7
(30, 19, 7, 4),  -- Sara Lee
(31, 20, 7, 5),  -- Peter Pan
(32, 21, 7, 3),  -- Emily Ross
-- Evaluations for Episode 8
(33, 22, 8, 5),  -- Paula Deen
(34, 23, 8, 4),  -- Rachael Ray
(35, 24, 8, 3);  -- Thomas Keller

-- Inserting data for Episode 1
INSERT INTO episode_cook_recipe (cook_id, episode_id, recipe_id) VALUES
(12, 1, 1),  -- Gino D'Acampo - Grilled Salmon
(13, 1, 2),  -- Curtis Stone - Chocolate Cake
(14, 1, 3),  -- Giada De Laurentiis - Chicken Alfredo Pasta
-- Inserting data for Episode 2
(15, 2, 4),  -- Emeril Lagasse - Apple Pie
(16, 2, 5),  -- Rick Bayless - Vegetable Stir-Fry
(17, 2, 6),  -- Guy Fieri - Vanilla Cupcakes
-- Inserting data for Episode 3
(18, 3, 1),  -- Bourdain Ramsay - Grilled Salmon
(19, 3, 2),  -- Heston Blumenthal - Chocolate Cake
(20, 3, 3),  -- Jos? Andr?s - Chicken Alfredo Pasta
-- Inserting data for Episode 4
(21, 4, 4),  -- Yotam Ottolenghi - Apple Pie
(22, 4, 5),  -- Laura Gomez - Vegetable Stir-Fry
(23, 4, 6),  -- Daniel Smith - Vanilla Cupcakes
-- Inserting data for Episode 5
(24, 5, 1),  -- Rachel Johnson - Grilled Salmon
(25, 5, 2),  -- Christopher Martinez - Chocolate Cake
(26, 5, 3),  -- Maria Lee - Chicken Alfredo Pasta
-- Inserting data for Episode 6
(27, 6, 4),  -- Alexander Brown - Apple Pie
(28, 6, 5),  -- Emma Davis - Vegetable Stir-Fry
(29, 6, 6),  -- Ryan Chen - Vanilla Cupcakes
-- Inserting data for Episode 7
(30, 7, 1),  -- Sara Lee - Grilled Salmon
(31, 7, 2),  -- Peter Pan - Chocolate Cake
(32, 7, 3),  -- Emily Ross - Chicken Alfredo Pasta
-- Inserting data for Episode 8
(33, 8, 4),  -- Paula Deen - Apple Pie
(34, 8, 5),  -- Rachael Ray - Vegetable Stir-Fry
(35, 8, 6);  -- Thomas Keller - Vanilla Cupcakes
 -- Inserting data for Episode 1 (Season 2)
INSERT INTO episode_cook_recipe (cook_id, episode_id, recipe_id) VALUES
(42, 11, 1),  -- Amit Patel - Grilled Salmon
(43, 11, 2),  -- Priya Sharma - Chocolate Cake
(44, 11, 3);  -- Raj Kumar - Chicken Alfredo Pasta

-- Inserting data for Episode 2 (Season 2)
INSERT INTO episode_cook_recipe (cook_id, episode_id, recipe_id) VALUES
(45, 12, 4),  -- Anjali Mehta - Apple Pie
(46, 12, 5),  -- Rahul Singh - Vegetable Stir-Fry
(47, 12, 6);  -- Sneha Gupta - Vanilla Cupcakes

-- Inserting data for Episode 3 (Season 2)
INSERT INTO episode_cook_recipe (cook_id, episode_id, recipe_id) VALUES
(48, 13, 1),  -- Vikram Shah - Grilled Salmon
(49, 13, 2),  -- Neha Verma - Chocolate Cake
(50, 13, 3);  -- Gabriel Silva - Chicken Alfredo Pasta

-- Inserting data for Episode 4 (Season 2)
INSERT INTO episode_cook_recipe (cook_id, episode_id, recipe_id) VALUES
(51, 14, 4),  -- Luana Costa - Apple Pie
(52, 14, 5),  -- Pedro Santos - Vegetable Stir-Fry
(53, 14, 6);  -- Mariana Oliveira - Vanilla Cupcakes

-- Inserting data for Episode 5 (Season 2)
INSERT INTO episode_cook_recipe (cook_id, episode_id, recipe_id) VALUES
(54, 15, 1),  -- Lucas Rodrigues - Grilled Salmon
(55, 15, 2),  -- Juliana Almeida - Chocolate Cake
(56, 15, 3);  -- Bruno Ferreira - Chicken Alfredo Pasta

-- Inserting data for Episode 6 (Season 2)
INSERT INTO episode_cook_recipe (cook_id, episode_id, recipe_id) VALUES
(57, 16, 4),  -- Carolina Nunes - Apple Pie
(58, 16, 5),  -- Juan Santos - Vegetable Stir-Fry
(59, 16, 6);  -- Maria Garcia - Vanilla Cupcakes

-- Inserting data for Episode 7 (Season 2)
INSERT INTO episode_cook_recipe (cook_id, episode_id, recipe_id) VALUES
(60, 17, 1),  -- Jose Reyes - Grilled Salmon
(61, 17, 2),  -- Ana Torres - Chocolate Cake
(62, 17, 3);  -- Chinedu Okoye - Chicken Alfredo Pasta

-- Inserting data for Episode 8 (Season 2)
INSERT INTO episode_cook_recipe (cook_id, episode_id, recipe_id) VALUES
(63, 18, 4),  -- Ngozi Eze - Apple Pie
(64, 18, 5),  -- Obinna Onuoha - Vegetable Stir-Fry
(65, 18, 6);  -- Chiamaka Nwosu - Vanilla Cupcakes

-- Inserting data for Episode 1 (Season 3)
INSERT INTO episode_cook_recipe (cook_id, episode_id, recipe_id) VALUES
(66, 19, 1),  -- Oluwaseun Adeleke - Grilled Salmon
(67, 19, 2),  -- Adeola Olawale - Chocolate Cake
(68, 19, 3);  -- Maria Georgiou - Chicken Alfredo Pasta

-- Inserting data for Episode 2 (Season 3)
INSERT INTO episode_cook_recipe (cook_id, episode_id, recipe_id) VALUES
(69, 20, 4),  -- Yannis Andreadis - Apple Pie
(70, 20, 5),  -- Petros Kokkinos - Vegetable Stir-Fry
(71, 20, 6);  -- Alexander Koulakov - Vanilla Cupcakes

INSERT INTO episode_cook_recipe (cook_id, episode_id, recipe_id) VALUES
(31, 21, 1),  -- Yannis Andreadis - Grilled Salmon
(12, 21, 2),  -- Petros Kokkinos - Chocolate Cake
(45, 21, 3);

 INSERT INTO cook_nat_cuis (cook_id, natcuis_id) VALUES
(1, 58), -- Gordon Ramsey is associated with French cuisine
(2, 59), -- Jamie Oliver is associated with Georgian cuisine
(3, 60), -- Bobby Flay is associated with German cuisine
(4, 61), -- Nigella Lawson is associated with Greek cuisine
(5, 62), -- Anthony Bourdain is associated with Hungarian cuisine
(6, 63), -- Julia Child is associated with Indian cuisine
(7, 64), -- Alain Ducasse is associated with Indonesian cuisine
(8, 65), -- Marco Pierre White is associated with Iranian cuisine
(9, 66), -- Thomas Keller is associated with Italian cuisine
(10, 67), -- Massimo Bottura is associated with Jamaican cuisine
(11, 68), -- Wolfgang Puck is associated with Japanese cuisine
(12, 69), -- Gino D'Acampo is associated with Korean cuisine
(13, 70), -- Curtis Stone is associated with Lebanese cuisine
(14, 71), -- Giada De Laurentiis is associated with Lithuanian cuisine
(15, 72), -- Emeril Lagasse is associated with Malaysian cuisine
(16, 73), -- Rick Bayless is associated with Mexican cuisine
(17, 74), -- Guy Fieri is associated with Romanian cuisine
(18, 75), -- Bourdain Ramsay is associated with Russian cuisine
(19, 76), -- Heston Blumenthal is associated with Rwandan cuisine
(20, 77), -- José Andrés is associated with Saudi Arabian cuisine
(21, 78), -- Yotam Ottolenghi is associated with Serbian cuisine
(22, 79), -- Laura Gomez is associated with Singaporean cuisine
(23, 80), -- Daniel Smith is associated with Slovak cuisine
(24, 81), -- Rachel Johnson is associated with Spanish cuisine
(25, 82), -- Christopher Martinez is associated with Afghan cuisine
(26, 1),  -- Maria Lee is associated with Albanian cuisine
(27, 2),  -- Alexander Brown is associated with Algerian cuisine
(28, 3),  -- Emma Davis is associated with American cuisine
(29, 4),  -- Ryan Chen is associated with Argentine cuisine
(30, 5),  -- Sara Lee is associated with Armenian cuisine
(31, 6),  -- Peter Pan is associated with Australian cuisine
(32, 7),  -- Emily Ross is associated with Austrian cuisine
(33, 8),  -- Paula Deen is associated with Azerbaijani cuisine
(34, 9),  -- Rachael Ray is associated with Bahraini cuisine
(35, 10), -- Thomas Keller is associated with Bangladeshi cuisine
(36, 11), -- Alice Waters is associated with Belgian cuisine
(37, 12), -- Masaharu Morimoto is associated with Belarusian cuisine
(38, 13), -- David Cook is associated with Bermudian cuisine
(39, 14), -- Michelle Nguyen is associated with Bolivian cuisine
(40, 15); -- James Wong is associated with Bosnia and Herzegovina cuisine
-- Example insertions
INSERT INTO cook_nat_cuis (cook_id, natcuis_id) VALUES
(30,1);
-- Example insertions for recipe categories
INSERT INTO tags (tag_name) VALUES
('brunch'),
('quick-lunch'),
('cold dish'),
('appetizer'),
('soup'),
('salad'),
('main course'),
('side dish'),
('dessert'),
('snack'),
('beverage'),
('breakfast'),
('lunch'),
('dinner'),
('snack'),
('vegetarian'),
('vegan'),
('gluten-free'),
('dairy-free'),
('low-carb'),
('high-protein'),
('paleo'),
('easy'),
('quick'),
('healthy'),
('low-calorie'),
('family-friendly'),
('one-pot'),
('budget-friendly'),
('comfort food'),
('grilled'),
('baked'),
('fried'),
('roasted'),
('steamed'),
('spicy'),
('sweet'),
('savory'),
('glazed'),
('creamy'),
('light'),
('hearty');

-- Grilled Salmon
INSERT INTO recipe_tag (recipe_id, tag_id)
SELECT r.recipe_id, t.tag_id FROM recipe r
JOIN tags t ON t.tag_name IN ('main course', 'grilled')
WHERE r.recipe_name = 'Grilled Salmon';

-- Chocolate Cake (without the "chocolate" tag)
INSERT INTO recipe_tag (recipe_id, tag_id)
SELECT r.recipe_id, t.tag_id FROM recipe r
JOIN tags t ON t.tag_name IN ('dessert', 'baked', 'sweet')
WHERE r.recipe_name = 'Chocolate Cake';

-- Chicken Alfredo Pasta
INSERT INTO recipe_tag (recipe_id, tag_id)
SELECT r.recipe_id, t.tag_id FROM recipe r
JOIN tags t ON t.tag_name IN ('main course', 'pasta', 'creamy')
WHERE r.recipe_name = 'Chicken Alfredo Pasta';

-- Apple Pie
INSERT INTO recipe_tag (recipe_id, tag_id)
SELECT r.recipe_id, t.tag_id FROM recipe r
JOIN tags t ON t.tag_name IN ('dessert', 'baked', 'sweet')
WHERE r.recipe_name = 'Apple Pie';

-- Vegetable Stir-Fry
INSERT INTO recipe_tag (recipe_id, tag_id)
SELECT r.recipe_id, t.tag_id FROM recipe r
JOIN tags t ON t.tag_name IN ('main course', 'vegetarian', 'quick', 'easy')
WHERE r.recipe_name = 'Vegetable Stir-Fry';

-- Vanilla Cupcakes
INSERT INTO recipe_tag (recipe_id, tag_id)
SELECT r.recipe_id, t.tag_id FROM recipe r
JOIN tags t ON t.tag_name IN ('dessert', 'baked', 'sweet')
WHERE r.recipe_name = 'Vanilla Cupcakes';

-- Spaghetti Bolognese
INSERT INTO recipe_tag (recipe_id, tag_id)
SELECT r.recipe_id, t.tag_id FROM recipe r
JOIN tags t ON t.tag_name IN ('main course', 'pasta', 'comfort food')
WHERE r.recipe_name = 'Spaghetti Bolognese';

-- New York Cheesecake
INSERT INTO recipe_tag (recipe_id, tag_id)
SELECT r.recipe_id, t.tag_id FROM recipe r
JOIN tags t ON t.tag_name IN ('dessert', 'baked', 'sweet')
WHERE r.recipe_name = 'New York Cheesecake';

-- Beef Tacos
INSERT INTO recipe_tag (recipe_id, tag_id)
SELECT r.recipe_id, t.tag_id FROM recipe r
JOIN tags t ON t.tag_name IN ('main course', 'quick', 'easy', 'spicy')
WHERE r.recipe_name = 'Beef Tacos';

-- Tiramisu
INSERT INTO recipe_tag (recipe_id, tag_id)
SELECT r.recipe_id, t.tag_id FROM recipe r
JOIN tags t ON t.tag_name IN ('dessert', 'easy', 'sweet')
WHERE r.recipe_name = 'Tiramisu';

-- Grilled Salmon
INSERT INTO recipe_equipment (recipe_id, equipment_id)
SELECT r.recipe_id, e.equipment_id FROM recipe r
JOIN equipment e ON e.equipment_name IN ('Chef Knife', 'Kitchen Timer', 'Baking Sheet')
WHERE r.recipe_name = 'Grilled Salmon';

-- Chocolate Cake
INSERT INTO recipe_equipment (recipe_id, equipment_id)
SELECT r.recipe_id, e.equipment_id FROM recipe r
JOIN equipment e ON e.equipment_name IN ('Mixer', 'Sieve', 'Rolling Pin', 'Baking Sheet')
WHERE r.recipe_name = 'Chocolate Cake';

-- Chicken Alfredo Pasta
INSERT INTO recipe_equipment (recipe_id, equipment_id)
SELECT r.recipe_id, e.equipment_id FROM recipe r
JOIN equipment e ON e.equipment_name IN ('Chef Knife', 'Cutting Board', 'Saucepan', 'Mixing Spoon')
WHERE r.recipe_name = 'Chicken Alfredo Pasta';

-- Apple Pie
INSERT INTO recipe_equipment (recipe_id, equipment_id)
SELECT r.recipe_id, e.equipment_id FROM recipe r
JOIN equipment e ON e.equipment_name IN ('Chef Knife', 'Cutting Board', 'Pie Dish', 'Rolling Pin')
WHERE r.recipe_name = 'Apple Pie';

-- Continue inserting for other recipes...
-- Vegetable Stir-Fry
INSERT INTO recipe_equipment (recipe_id, equipment_id)
SELECT r.recipe_id, e.equipment_id FROM recipe r
JOIN equipment e ON e.equipment_name IN ('Wok', 'Chef Knife', 'Cutting Board', 'Mixing Spoon')
WHERE r.recipe_name = 'Vegetable Stir-Fry';

-- Vanilla Cupcakes
INSERT INTO recipe_equipment (recipe_id, equipment_id)
SELECT r.recipe_id, e.equipment_id FROM recipe r
JOIN equipment e ON e.equipment_name IN ('Mixer', 'Mixing Bowl', 'Muffin Tin', 'Pastry Brush')
WHERE r.recipe_name = 'Vanilla Cupcakes';

-- Spaghetti Bolognese
INSERT INTO recipe_equipment (recipe_id, equipment_id)
SELECT r.recipe_id, e.equipment_id FROM recipe r
JOIN equipment e ON e.equipment_name IN ('Chef Knife', 'Cutting Board', 'Saucepan', 'Mixing Spoon')
WHERE r.recipe_name = 'Spaghetti Bolognese';

-- New York Cheesecake
INSERT INTO recipe_equipment (recipe_id, equipment_id)
SELECT r.recipe_id, e.equipment_id FROM recipe r
JOIN equipment e ON e.equipment_name IN ('Mixer', 'Mixing Bowl', 'Springform Pan', 'Spatula')
WHERE r.recipe_name = 'New York Cheesecake';

-- Beef Tacos
INSERT INTO recipe_equipment (recipe_id, equipment_id)
SELECT r.recipe_id, e.equipment_id FROM recipe r
JOIN equipment e ON e.equipment_name IN ('Skillet', 'Chef Knife', 'Cutting Board', 'Mixing Spoon')
WHERE r.recipe_name = 'Beef Tacos';

-- Tiramisu
INSERT INTO recipe_equipment (recipe_id, equipment_id)
SELECT r.recipe_id, e.equipment_id FROM recipe r
JOIN equipment e ON e.equipment_name IN ('Mixing Bowl', 'Whisk', 'Square Baking Dish', 'Spatula')
WHERE r.recipe_name = 'Tiramisu';

-- Chicken Curry
INSERT INTO recipe_equipment (recipe_id, equipment_id)
SELECT r.recipe_id, e.equipment_id FROM recipe r
JOIN equipment e ON e.equipment_name IN ('Chef Knife', 'Cutting Board', 'Saucepan', 'Mixing Spoon')
WHERE r.recipe_name = 'Chicken Curry';

-- Lemon Bars
INSERT INTO recipe_equipment (recipe_id, equipment_id)
SELECT r.recipe_id, e.equipment_id FROM recipe r
JOIN equipment e ON e.equipment_name IN ('Mixing Bowl', 'Baking Dish', 'Spatula', 'Chef Knife')
WHERE r.recipe_name = 'Lemon Bars';

-- Mushroom Risotto
INSERT INTO recipe_equipment (recipe_id, equipment_id)
SELECT r.recipe_id, e.equipment_id FROM recipe r
JOIN equipment e ON e.equipment_name IN ('Saucepan', 'Mixing Spoon', 'Chef Knife', 'Cutting Board')
WHERE r.recipe_name = 'Mushroom Risotto';

-- Chocolate Chip Cookies
INSERT INTO recipe_equipment (recipe_id, equipment_id)
SELECT r.recipe_id, e.equipment_id FROM recipe r
JOIN equipment e ON e.equipment_name IN ('Mixer', 'Mixing Bowl', 'Baking Sheet', 'Cookie Scoop')
WHERE r.recipe_name = 'Chocolate Chip Cookies';

-- Grilled Chicken Caesar Salad
INSERT INTO recipe_equipment (recipe_id, equipment_id)
SELECT r.recipe_id, e.equipment_id FROM recipe r
JOIN equipment e ON e.equipment_name IN ('Grill', 'Chef Knife', 'Cutting Board', 'Mixing Bowl')
WHERE r.recipe_name = 'Grilled Chicken Caesar Salad';

-- Panna Cotta
INSERT INTO recipe_equipment (recipe_id, equipment_id)
SELECT r.recipe_id, e.equipment_id FROM recipe r
JOIN equipment e ON e.equipment_name IN ('Saucepan', 'Mixing Bowl', 'Ramekins', 'Whisk')
WHERE r.recipe_name = 'Panna Cotta';
-- Grilled Salmon
INSERT INTO recipe_thematic_section (recipe_id, them_sec_id)
SELECT r.recipe_id, ts.them_sec_id
FROM recipe r
JOIN thematic_section ts ON ts.name IN ('Seafood Extravaganza', 'Summer Grilling')
WHERE r.recipe_name = 'Grilled Salmon';

-- Chocolate Cake
INSERT INTO recipe_thematic_section (recipe_id, them_sec_id)
SELECT r.recipe_id, ts.them_sec_id
FROM recipe r
JOIN thematic_section ts ON ts.name IN ('Gourmet Desserts', 'Comfort Food Classics')
WHERE r.recipe_name = 'Chocolate Cake';

-- Chicken Alfredo Pasta
INSERT INTO recipe_thematic_section (recipe_id, them_sec_id)
SELECT r.recipe_id, ts.them_sec_id
FROM recipe r
JOIN thematic_section ts ON ts.name IN ('Family Favorites', 'Quick and Easy Meals', 'Pasta')
WHERE r.recipe_name = 'Chicken Alfredo Pasta';

-- Apple Pie
INSERT INTO recipe_thematic_section (recipe_id, them_sec_id)
SELECT r.recipe_id, ts.them_sec_id
FROM recipe r
JOIN thematic_section ts ON ts.name IN ('Seasonal Harvest', 'Holiday Feasts', 'Comfort Food Classics')
WHERE r.recipe_name = 'Apple Pie';

-- Vegetable Stir-Fry
INSERT INTO recipe_thematic_section (recipe_id, them_sec_id)
SELECT r.recipe_id, ts.them_sec_id
FROM recipe r
JOIN thematic_section ts ON ts.name IN ('Vegetarian Delights', 'Quick and Easy Meals')
WHERE r.recipe_name = 'Vegetable Stir-Fry';

-- Vanilla Cupcakes
INSERT INTO recipe_thematic_section (recipe_id, them_sec_id)
SELECT r.recipe_id, ts.them_sec_id
FROM recipe r
JOIN thematic_section ts ON ts.name IN ('Gourmet Desserts', 'Comfort Food Classics')
WHERE r.recipe_name = 'Vanilla Cupcakes';

-- Spaghetti Bolognese
INSERT INTO recipe_thematic_section (recipe_id, them_sec_id)
SELECT r.recipe_id, ts.them_sec_id
FROM recipe r
JOIN thematic_section ts ON ts.name IN ('Family Favorites', 'Comfort Food Classics', 'Italian Cuisine')
WHERE r.recipe_name = 'Spaghetti Bolognese';

-- New York Cheesecake
INSERT INTO recipe_thematic_section (recipe_id, them_sec_id)
SELECT r.recipe_id, ts.them_sec_id
FROM recipe r
JOIN thematic_section ts ON ts.name IN ('Gourmet Desserts', 'Comfort Food Classics')
WHERE r.recipe_name = 'New York Cheesecake';

-- Beef Tacos
INSERT INTO recipe_thematic_section (recipe_id, them_sec_id)
SELECT r.recipe_id, ts.them_sec_id
FROM recipe r
JOIN thematic_section ts ON ts.name IN ('International Cuisine', 'Comfort Food Classics')
WHERE r.recipe_name = 'Beef Tacos';

-- Tiramisu
INSERT INTO recipe_thematic_section (recipe_id, them_sec_id)
SELECT r.recipe_id, ts.them_sec_id
FROM recipe r
JOIN thematic_section ts ON ts.name IN ('Italian Cuisine', 'Gourmet Desserts')
WHERE r.recipe_name = 'Tiramisu';

-- Chicken Curry
INSERT INTO recipe_thematic_section (recipe_id, them_sec_id)
SELECT r.recipe_id, ts.them_sec_id
FROM recipe r
JOIN thematic_section ts ON ts.name IN ('International Cuisine', 'Comfort Food Classics')
WHERE r.recipe_name = 'Chicken Curry';

-- Lemon Bars
INSERT INTO recipe_thematic_section (recipe_id, them_sec_id)
SELECT r.recipe_id, ts.them_sec_id
FROM recipe r
JOIN thematic_section ts ON ts.name IN ('Desserts', 'Summer Grilling')
WHERE r.recipe_name = 'Lemon Bars';

-- Mushroom Risotto
INSERT INTO recipe_thematic_section (recipe_id, them_sec_id)
SELECT r.recipe_id, ts.them_sec_id
FROM recipe r
JOIN thematic_section ts ON ts.name IN ('Italian Cuisine', 'Comfort Food Classics', 'Risotto Recipes')
WHERE r.recipe_name = 'Mushroom Risotto';

-- Chocolate Chip Cookies
INSERT INTO recipe_thematic_section (recipe_id, them_sec_id)
SELECT r.recipe_id, ts.them_sec_id
FROM recipe r
JOIN thematic_section ts ON ts.name IN ('Desserts', 'Quick and Easy Meals')
WHERE r.recipe_name = 'Chocolate Chip Cookies';

-- Grilled Chicken Caesar Salad
INSERT INTO recipe_thematic_section (recipe_id, them_sec_id)
SELECT r.recipe_id, ts.them_sec_id
FROM recipe r
JOIN thematic_section ts ON ts.name IN ('Main Course', 'Salads', 'Summer Grilling')
WHERE r.recipe_name = 'Grilled Chicken Caesar Salad';

-- Panna Cotta
INSERT INTO recipe_thematic_section (recipe_id, them_sec_id)
SELECT r.recipe_id, ts.them_sec_id
FROM recipe r
JOIN thematic_section ts ON ts.name IN ('Desserts', 'Italian Cuisine')
WHERE r.recipe_name = 'Panna Cotta';




